Jack,Tan,Jack.tan999Jack.tan,ActiveTest1.
Hery,Bark,Henry.bark999Henry.bark,ActiveTest2.
Ross,Valder,ross.valder999ross.valder,ActiveTest3.
Jhon,Zumrut,jhon.zumrut999jhon.zumrut,ActiveTest4.
